"id","activity_date","total_steps","very_active_mins","fairly_active_mins","lightly_active_mins","sedentary_mins","calories","corrected_heartrate_avg","corrected_minutes_asleep","corrected_weight_avg_lbs"
1503960366,"2016-04-12",13158,25,13,328,728,1985,0,327,0
1503960366,"2016-04-13",10735,21,19,217,776,1798,0,384,0
1503960366,"2016-04-14",10460,30,11,181,1218,1777,0,0,0
1503960366,"2016-04-15",9685,29,34,209,726,1745,0,412,0
1503960366,"2016-04-16",12669,36,10,221,773,1864,0,340,0
1503960366,"2016-04-17",9705,38,20,164,539,1728,0,700,0
1503960366,"2016-04-18",13019,42,16,233,1149,1922,0,0,0
1503960366,"2016-04-19",15506,50,31,264,775,2036,0,304,0
1503960366,"2016-04-20",10544,28,12,205,818,1787,0,360,0
1503960366,"2016-04-21",9819,19,8,211,838,1776,0,325,0
1503960366,"2016-04-22",12764,66,27,130,1217,1828,0,0,0
1503960366,"2016-04-23",14371,41,21,262,732,1949,0,361,0
1503960366,"2016-04-24",10039,39,5,238,709,1789,0,430,0
1503960366,"2016-04-25",15355,73,14,216,814,2013,0,277,0
1503960366,"2016-04-26",13755,31,23,279,833,1971,0,245,0
1503960366,"2016-04-27",18125,78,11,243,1108,2159,0,0,0
1503960366,"2016-04-28",13091,48,28,189,782,1899,0,366,0
1503960366,"2016-04-29",11181,16,12,243,815,1838,0,341,0
1503960366,"2016-04-30",14673,52,34,217,712,1948,0,404,0
1503960366,"2016-05-01",10602,33,35,246,730,1831,0,369,0
1503960366,"2016-05-02",14710,41,15,277,798,2018,0,277,115.96
1503960366,"2016-05-03",15103,50,24,254,816,1991,0,273,115.96
1503960366,"2016-05-04",11100,36,22,203,1179,1820,0,0,0
1503960366,"2016-05-05",14047,45,24,250,857,1960,0,247,0
1503960366,"2016-05-06",12159,24,6,289,754,1897,0,334,0
1503960366,"2016-05-07",11992,37,46,175,833,1822,0,331,0
1503960366,"2016-05-08",10060,44,8,203,574,1741,0,594,0
1503960366,"2016-05-09",12022,46,11,206,835,1820,0,338,0
1503960366,"2016-05-10",12207,46,31,214,746,1860,0,383,0
1503960366,"2016-05-11",11890,36,23,251,669,1723,0,285,0
1624580081,"2016-04-12",8163,0,0,146,1294,1432,0,0,0
1624580081,"2016-04-13",7007,0,0,148,1292,1412,0,0,0
1624580081,"2016-04-14",9107,0,0,236,1204,1572,0,0,0
1624580081,"2016-04-15",1490,0,0,96,1344,1344,0,0,0
1624580081,"2016-04-16",5370,0,0,176,1264,1464,0,0,0
1624580081,"2016-04-17",6150,15,22,127,1276,1554,0,0,0
1624580081,"2016-04-18",10536,17,7,202,1214,1604,0,0,0
1624580081,"2016-04-19",2916,0,0,141,1299,1435,0,0,0
1624580081,"2016-04-20",4974,0,0,151,1289,1446,0,0,0
1624580081,"2016-04-21",6349,0,0,186,1254,1467,0,0,0
1624580081,"2016-04-22",4002,0,0,199,1241,1471,0,0,0
1624580081,"2016-04-23",8538,0,0,227,1213,1563,0,0,0
1624580081,"2016-04-24",6076,16,18,185,1221,1617,0,0,0
1624580081,"2016-04-25",6487,0,0,202,1238,1492,0,0,0
1624580081,"2016-04-26",2826,0,0,140,1300,1402,0,0,0
1624580081,"2016-04-27",8367,17,36,154,1233,1670,0,0,0
1624580081,"2016-04-28",2759,0,5,115,1320,1402,0,0,0
1624580081,"2016-04-29",2390,0,0,150,1290,1404,0,0,0
1624580081,"2016-04-30",6474,11,23,224,1182,1656,0,0,0
1624580081,"2016-05-01",36019,186,63,171,1020,2691,0,0,0
1624580081,"2016-05-02",7155,7,6,166,1261,1497,0,0,0
1624580081,"2016-05-03",2100,0,0,96,1344,1334,0,0,0
1624580081,"2016-05-04",2193,0,0,118,1322,1369,0,0,0
1624580081,"2016-05-05",2470,0,0,117,1323,1371,0,0,0
1624580081,"2016-05-06",1727,0,0,102,1338,1341,0,0,0
1624580081,"2016-05-07",2104,0,0,182,1258,1474,0,0,0
1624580081,"2016-05-08",3427,0,0,152,1288,1427,0,0,0
1624580081,"2016-05-09",1732,0,0,91,1349,1329,0,0,0
1624580081,"2016-05-10",2969,0,0,139,1301,1393,0,0,0
1624580081,"2016-05-11",3134,0,0,112,1328,1359,0,0,0
1624580081,"2016-05-12",2739,0,0,107,890,958,0,0,0
1644430081,"2016-04-12",10694,2,51,256,1131,3200,0,0,0
1644430081,"2016-04-13",8001,30,16,135,1259,2903,0,0,0
1644430081,"2016-04-14",11037,5,58,252,1125,3227,0,0,0
1644430081,"2016-04-15",5263,3,4,170,1263,2750,0,0,0
1644430081,"2016-04-16",15223,51,42,212,1135,3494,0,0,0
1644430081,"2016-04-17",8757,29,13,186,1212,3011,0,0,0
1644430081,"2016-04-18",7132,15,33,121,1271,2807,0,0,0
1644430081,"2016-04-19",11231,5,58,278,1099,3254,0,0,0
1644430081,"2016-04-20",2436,0,0,125,1315,2430,0,0,0
1644430081,"2016-04-21",1223,0,0,38,1402,2141,0,0,0
1644430081,"2016-04-22",3673,0,0,86,1354,2344,0,0,0
1644430081,"2016-04-23",6637,0,15,160,1265,2677,0,0,0
1644430081,"2016-04-24",3321,0,0,89,1351,2414,0,0,0
1644430081,"2016-04-25",3580,8,1,94,1337,2497,0,0,0
1644430081,"2016-04-26",9919,11,41,223,1165,3123,0,0,0
1644430081,"2016-04-27",3032,0,0,118,1322,2490,0,0,0
1644430081,"2016-04-28",9405,3,53,227,1157,3109,0,0,0
1644430081,"2016-04-29",3176,0,0,120,1193,2498,0,119,0
1644430081,"2016-04-30",18213,9,71,402,816,3846,0,124,0
1644430081,"2016-05-01",6132,3,24,146,908,2696,0,0,0
1644430081,"2016-05-02",3728,1,7,148,682,2536,0,796,0
1644430081,"2016-05-03",12789,10,94,221,1115,3321,0,0,0
1644430081,"2016-05-04",2309,0,0,52,1388,2223,0,0,0
1644430081,"2016-05-05",4363,6,12,81,1341,2464,0,0,0
1644430081,"2016-05-06",9758,11,6,369,1054,3384,0,0,0
1644430081,"2016-05-07",13372,41,17,243,1139,3404,0,0,0
1644430081,"2016-05-08",6724,0,0,295,991,2988,0,137,0
1644430081,"2016-05-09",6643,32,6,303,1099,3008,0,0,0
1644430081,"2016-05-10",9167,12,19,155,1254,2800,0,0,0
1644430081,"2016-05-11",989,0,0,49,713,1179,0,0,0
1844505072,"2016-04-12",6697,0,0,339,1101,2031,0,0,0
1844505072,"2016-04-13",4929,0,0,248,1192,1860,0,0,0
1844505072,"2016-04-14",7905,0,0,373,843,2131,0,0,0
1844505072,"2016-04-15",3844,0,0,176,527,1726,0,644,0
1844505072,"2016-04-16",3414,0,0,147,1293,1658,0,0,0
1844505072,"2016-04-17",4525,2,8,199,1231,1794,0,0,0
1844505072,"2016-04-18",4597,0,12,217,1211,1814,0,0,0
1844505072,"2016-04-19",197,0,0,10,1430,1366,0,0,0
1844505072,"2016-04-20",8,0,0,1,1439,1349,0,0,0
1844505072,"2016-04-21",8054,2,13,308,1117,2063,0,0,0
1844505072,"2016-04-22",5372,0,0,220,1220,1828,0,0,0
1844505072,"2016-04-23",3570,0,0,139,1301,1645,0,0,0
1844505072,"2016-04-24",0,0,0,0,1440,1347,0,0,0
1844505072,"2016-04-25",0,0,0,0,1440,1347,0,0,0
1844505072,"2016-04-26",0,0,0,0,1440,1347,0,0,0
1844505072,"2016-04-27",4,0,0,1,1439,1349,0,0,0
1844505072,"2016-04-28",6899,0,0,302,1138,1992,0,0,0
1844505072,"2016-04-29",4920,0,0,247,1082,1856,0,0,0
1844505072,"2016-04-30",4014,0,0,184,218,1763,0,722,0
1844505072,"2016-05-01",2573,0,7,75,585,1542,0,590,0
1844505072,"2016-05-02",0,0,0,0,1440,1348,0,0,0
1844505072,"2016-05-03",4059,0,0,184,1256,1743,0,0,0
1844505072,"2016-05-04",2080,0,0,87,1353,1550,0,0,0
1844505072,"2016-05-05",2237,0,0,120,1320,1590,0,0,0
1844505072,"2016-05-06",44,0,0,2,1438,1351,0,0,0
1844505072,"2016-05-07",0,0,0,0,1440,1348,0,0,0
1844505072,"2016-05-08",0,0,0,0,1440,1348,0,0,0
1844505072,"2016-05-09",0,0,0,0,1440,1347,0,0,0
1844505072,"2016-05-10",0,0,0,0,1440,1347,0,0,0
1844505072,"2016-05-11",0,0,0,0,1440,1347,0,0,0
1844505072,"2016-05-12",0,0,0,0,711,618,0,0,0
1927972279,"2016-04-12",678,0,0,55,734,2193,0,750,0
1927972279,"2016-04-13",356,0,0,32,986,2151,0,398,294.32
1927972279,"2016-04-14",2163,0,9,88,1292,2383,0,0,0
1927972279,"2016-04-15",980,0,0,51,941,2222,0,475,0
1927972279,"2016-04-16",0,0,0,0,1440,2063,0,0,0
1927972279,"2016-04-17",0,0,0,0,1440,2063,0,0,0
1927972279,"2016-04-18",244,0,0,17,1423,2111,0,0,0
1927972279,"2016-04-19",0,0,0,0,1440,2063,0,0,0
1927972279,"2016-04-20",0,0,0,0,1440,2063,0,0,0
1927972279,"2016-04-21",0,0,0,0,1440,2064,0,0,0
1927972279,"2016-04-22",149,0,0,10,1430,2093,0,0,0
1927972279,"2016-04-23",2945,0,0,145,1295,2499,0,0,0
1927972279,"2016-04-24",2090,1,6,75,1358,2325,0,0,0
1927972279,"2016-04-25",152,0,0,12,1303,2099,0,0,0
1927972279,"2016-04-26",3761,0,0,192,1058,2638,0,296,0
1927972279,"2016-04-27",0,0,0,0,1440,2063,0,0,0
1927972279,"2016-04-28",1675,0,0,95,1167,2351,0,166,0
1927972279,"2016-04-29",0,0,0,0,1440,2063,0,0,0
1927972279,"2016-04-30",0,0,0,0,1440,2063,0,0,0
1927972279,"2016-05-01",2704,14,1,70,1355,2412,0,0,0
1927972279,"2016-05-02",3790,16,8,94,1322,2505,0,0,0
1927972279,"2016-05-03",1326,10,0,17,1413,2196,0,0,0
1927972279,"2016-05-04",1786,0,0,87,1353,2339,0,0,0
1927972279,"2016-05-05",0,0,0,0,1440,2063,0,0,0
1927972279,"2016-05-06",2091,0,0,108,1332,2383,0,0,0
1927972279,"2016-05-07",1510,0,0,48,1392,2230,0,0,0
1927972279,"2016-05-08",0,0,0,0,1440,2063,0,0,0
1927972279,"2016-05-09",0,0,0,0,1440,2063,0,0,0
1927972279,"2016-05-10",0,0,0,0,1440,2063,0,0,0
1927972279,"2016-05-11",0,0,0,0,1440,2063,0,0,0
1927972279,"2016-05-12",0,0,0,0,966,1375,0,0,0
2022484408,"2016-04-12",11875,42,14,227,1157,2390,75.8,0,0
2022484408,"2016-04-13",12024,43,5,292,1100,2602,80.34,0,0
2022484408,"2016-04-14",10690,32,3,257,1148,2313,72.63,0,0
2022484408,"2016-04-15",11034,27,9,282,1122,2526,80.44,0,0
2022484408,"2016-04-16",10100,41,11,151,1237,2178,75.96,0,0
2022484408,"2016-04-17",15112,28,29,331,1052,2782,83.92,0,0
2022484408,"2016-04-18",14131,48,3,311,1078,2771,82.71,0,0
2022484408,"2016-04-19",11548,31,7,250,1152,2488,81.95,0,0
2022484408,"2016-04-20",15112,48,63,276,1053,2897,83.44,0,0
2022484408,"2016-04-21",12453,104,53,255,1028,3159,86.37,0,0
2022484408,"2016-04-22",12954,52,10,273,1105,2639,80.13,0,0
2022484408,"2016-04-23",6001,0,0,249,1191,2069,71.76,0,0
2022484408,"2016-04-24",13481,37,26,216,1161,2530,82.42,0,0
2022484408,"2016-04-25",11369,44,8,217,1171,2470,82.6,0,0
2022484408,"2016-04-26",10119,55,24,275,1086,2793,83.28,0,0
2022484408,"2016-04-27",10159,19,20,282,1119,2463,80.9,0,0
2022484408,"2016-04-28",10140,6,20,291,1123,2296,71.25,0,0
2022484408,"2016-04-29",10245,21,40,281,1098,2611,83.41,0,0
2022484408,"2016-04-30",18387,13,23,361,1043,2732,77.55,0,0
2022484408,"2016-05-01",10538,25,28,245,1142,2380,73.53,0,0
2022484408,"2016-05-02",10379,36,8,277,1119,2474,77.17,0,0
2022484408,"2016-05-03",12183,72,14,250,1104,2752,83.02,0,0
2022484408,"2016-05-04",11768,36,27,272,1105,2650,82.8,0,0
2022484408,"2016-05-05",11895,55,20,253,1112,2609,80.71,0,0
2022484408,"2016-05-06",10227,24,17,295,1104,2499,81.72,0,0
2022484408,"2016-05-07",6708,20,2,149,1269,1996,76.07,0,0
2022484408,"2016-05-08",3292,0,0,135,1305,1847,76.96,0,0
2022484408,"2016-05-09",13379,35,47,297,1061,2709,81.51,0,0
2022484408,"2016-05-10",12798,57,28,271,1084,2797,86.58,0,0
2022484408,"2016-05-11",13272,58,25,224,1133,2545,83.52,0,0
2022484408,"2016-05-12",7674,16,16,236,728,1623,81.41,0,0
2026352035,"2016-04-12",4414,3,8,181,706,1460,0,503,0
2026352035,"2016-04-13",4993,0,0,238,663,1522,0,531,0
2026352035,"2016-04-14",3305,0,0,197,653,1431,0,545,0
2026352035,"2016-04-15",3821,0,0,188,687,1445,0,523,0
2026352035,"2016-04-16",2547,0,0,150,728,1374,0,524,0
2026352035,"2016-04-17",838,0,0,60,1053,1215,68.66,437,0
2026352035,"2016-04-18",3325,0,0,182,1062,1419,0,0,0
2026352035,"2016-04-19",2424,0,0,141,785,1356,0,498,0
2026352035,"2016-04-20",7222,0,0,327,623,1667,0,461,0
2026352035,"2016-04-21",2467,0,0,153,749,1371,0,477,0
2026352035,"2016-04-22",2915,0,0,162,712,1399,0,520,0
2026352035,"2016-04-23",12357,0,0,432,458,1916,0,522,0
2026352035,"2016-04-24",3490,0,0,164,704,1401,0,555,0
2026352035,"2016-04-25",6017,0,0,260,821,1577,99.51,506,0
2026352035,"2016-04-26",5933,0,0,288,1018,1595,0,0,0
2026352035,"2016-04-27",6088,0,0,286,586,1593,0,508,0
2026352035,"2016-04-28",6375,0,0,331,626,1650,0,513,0
2026352035,"2016-04-29",7604,0,0,352,492,1693,0,490,0
2026352035,"2016-04-30",4729,0,0,233,594,1506,0,573,0
2026352035,"2016-05-01",3609,0,0,191,716,1448,0,527,0
2026352035,"2016-05-02",7018,0,0,355,716,1690,84.13,511,0
2026352035,"2016-05-03",5992,0,0,304,981,1604,0,0,0
2026352035,"2016-05-04",6564,0,0,345,530,1658,0,538,0
2026352035,"2016-05-05",12167,0,0,475,479,1927,0,468,0
2026352035,"2016-05-06",8198,0,0,383,511,1737,0,524,0
2026352035,"2016-05-07",4193,0,0,229,665,1491,0,511,0
2026352035,"2016-05-08",5528,0,0,258,610,1555,0,541,0
2026352035,"2016-05-09",10652,0,0,401,543,1866,98.23,531,0
2026352035,"2016-05-10",254,0,0,17,1002,1141,0,357,0
2026352035,"2016-05-11",8580,0,0,330,569,1699,0,523,0
2026352035,"2016-05-12",8449,0,0,343,330,1296,0,456,0
2320127002,"2016-04-12",10725,13,9,306,1112,2124,0,0,0
2320127002,"2016-04-13",7275,0,0,335,1105,2004,0,0,0
2320127002,"2016-04-14",3973,0,0,191,1249,1696,0,0,0
2320127002,"2016-04-15",5205,0,0,245,1195,1802,0,0,0
2320127002,"2016-04-16",5044,0,0,195,1245,1724,0,0,0
2320127002,"2016-04-17",6198,0,0,249,1191,1853,0,0,0
2320127002,"2016-04-18",6538,0,7,260,1173,1905,0,0,0
2320127002,"2016-04-19",5997,0,11,228,1201,1812,0,0,0
2320127002,"2016-04-20",7162,0,11,283,1146,1923,0,0,0
2320127002,"2016-04-21",3404,1,10,127,1302,1611,0,0,0
2320127002,"2016-04-22",5583,0,0,266,1174,1852,0,0,0
2320127002,"2016-04-23",5079,0,0,242,1129,1804,0,61,0
2320127002,"2016-04-24",4159,0,0,204,1236,1725,0,0,0
2320127002,"2016-04-25",3588,3,5,152,1280,1654,0,0,0
2320127002,"2016-04-26",3409,0,0,147,1293,1633,0,0,0
2320127002,"2016-04-27",1715,0,0,82,1358,1481,0,0,0
2320127002,"2016-04-28",1532,0,0,76,1364,1473,0,0,0
2320127002,"2016-04-29",924,0,0,45,1395,1411,0,0,0
2320127002,"2016-04-30",4558,0,0,234,1206,1779,0,0,0
2320127002,"2016-05-01",772,0,0,40,1400,1404,0,0,0
2320127002,"2016-05-02",3634,5,6,123,1306,1613,0,0,0
2320127002,"2016-05-03",7443,20,10,206,1204,1879,0,0,0
2320127002,"2016-05-04",1201,0,0,52,1388,1427,0,0,0
2320127002,"2016-05-05",5202,0,11,223,1206,1781,0,0,0
2320127002,"2016-05-06",4878,0,0,204,1236,1743,0,0,0
2320127002,"2016-05-07",7379,0,0,319,1121,1973,0,0,0
2320127002,"2016-05-08",5153,0,0,247,1193,1822,0,0,0
2320127002,"2016-05-09",3090,0,0,145,1295,1630,0,0,0
2320127002,"2016-05-10",6227,0,0,290,1150,1899,0,0,0
2320127002,"2016-05-11",6424,0,0,300,1140,1904,0,0,0
2320127002,"2016-05-12",2564,0,0,128,830,1064,0,0,0
2347167796,"2016-04-12",10113,28,13,320,964,2344,86.08,0,0
2347167796,"2016-04-13",10352,19,32,195,676,2039,73.81,467,0
2347167796,"2016-04-14",10129,1,48,206,705,2011,72.58,445,0
2347167796,"2016-04-15",10465,1,24,284,720,2133,75.69,452,0
2347167796,"2016-04-16",22244,66,72,268,968,2671,96.62,0,0
2347167796,"2016-04-17",5472,1,7,249,508,1883,75.36,556,0
2347167796,"2016-04-18",8247,11,16,206,678,1945,71.23,500,0
2347167796,"2016-04-19",6711,0,7,382,648,2346,81.3,465,0
2347167796,"2016-04-20",10999,11,43,269,1011,2198,78.18,0,0
2347167796,"2016-04-21",10080,23,26,208,761,2049,73.41,460,0
2347167796,"2016-04-22",7804,9,27,206,781,1946,72.0,405,0
2347167796,"2016-04-23",16901,32,35,360,591,2629,83.43,374,0
2347167796,"2016-04-24",9471,0,0,360,584,2187,77.58,442,0
2347167796,"2016-04-25",9482,15,11,277,653,2095,73.86,433,0
2347167796,"2016-04-26",5980,0,0,227,732,1861,71.73,436,0
2347167796,"2016-04-27",11423,26,9,295,623,2194,75.19,448,0
2347167796,"2016-04-28",5439,0,0,229,764,1855,73.41,408,0
2347167796,"2016-04-29",25,0,0,4,2,345,62.87,411,0
2873212765,"2016-04-12",8796,2,21,356,1061,1982,0,0,0
2873212765,"2016-04-13",7618,0,8,404,1028,2004,0,0,0
2873212765,"2016-04-14",7910,0,0,331,1109,1893,0,0,0
2873212765,"2016-04-15",8482,0,0,448,992,2064,0,0,0
2873212765,"2016-04-16",9677,47,1,305,1087,2149,0,0,0
2873212765,"2016-04-17",2524,0,8,160,1272,1530,0,0,0
2873212765,"2016-04-18",7762,1,6,311,1122,1890,0,0,0
2873212765,"2016-04-19",7948,0,0,389,1051,1957,0,0,0
2873212765,"2016-04-20",9202,22,5,378,1035,2103,0,0,0
2873212765,"2016-04-21",8859,2,10,371,1057,1970,0,0,125.0
2873212765,"2016-04-22",7286,46,0,366,1028,1950,0,0,0
2873212765,"2016-04-23",9317,28,5,330,1077,2021,0,0,0
2873212765,"2016-04-24",6873,46,1,190,1203,1898,0,0,0
2873212765,"2016-04-25",7373,0,0,359,1081,1907,0,0,0
2873212765,"2016-04-26",8242,2,5,309,1124,1883,0,0,0
2873212765,"2016-04-27",3516,46,0,197,1197,1967,0,0,0
2873212765,"2016-04-28",7913,28,7,213,1192,1836,0,0,0
2873212765,"2016-04-29",7365,20,23,206,1191,1780,0,0,0
2873212765,"2016-04-30",8452,5,20,248,1167,1831,0,0,0
2873212765,"2016-05-01",7399,7,18,196,1219,1740,0,0,0
2873212765,"2016-05-02",7525,0,7,334,1099,1879,0,0,0
2873212765,"2016-05-03",7412,1,6,363,1070,1906,0,0,0
2873212765,"2016-05-04",8278,0,0,420,1020,2015,0,0,0
2873212765,"2016-05-05",8314,13,23,311,1093,1971,0,0,0
2873212765,"2016-05-06",7063,0,5,370,1065,1911,0,0,0
2873212765,"2016-05-07",4940,75,11,52,1302,1898,0,0,0
2873212765,"2016-05-08",8168,46,0,326,1068,2097,0,0,0
2873212765,"2016-05-09",7726,0,0,345,1095,1907,0,0,0
2873212765,"2016-05-10",8275,0,0,373,1067,1962,0,0,0
2873212765,"2016-05-11",6440,0,0,319,1121,1818,0,0,0
2873212765,"2016-05-12",7475,0,0,268,720,1394,0,0,126.32
3372868164,"2016-04-12",4747,0,0,280,1160,1788,0,0,0
3372868164,"2016-04-13",9715,16,8,371,1045,2093,0,0,0
3372868164,"2016-04-14",8844,6,25,370,1039,2065,0,0,0
3372868164,"2016-04-15",7451,0,0,335,1105,1908,0,0,0
3372868164,"2016-04-16",6905,0,0,356,1084,1908,0,0,0
3372868164,"2016-04-17",8199,11,2,322,1105,1964,0,0,0
3372868164,"2016-04-18",6798,20,7,343,1070,2014,0,0,0
3372868164,"2016-04-19",7711,0,0,376,1064,1986,0,0,0
3372868164,"2016-04-20",4880,15,3,274,1148,1868,0,0,0
3372868164,"2016-04-21",8857,18,9,376,1037,2124,0,0,0
3372868164,"2016-04-22",3843,0,0,206,1234,1670,0,0,0
3372868164,"2016-04-23",7396,20,2,303,1115,1995,0,0,0
3372868164,"2016-04-24",6731,14,7,292,1127,1921,0,0,0
3372868164,"2016-04-25",5995,0,0,416,1024,2011,0,0,0
3372868164,"2016-04-26",8283,22,2,333,1083,2057,0,0,0
3372868164,"2016-04-27",7904,24,13,346,1057,2096,0,0,0
3372868164,"2016-04-28",5512,0,0,385,1055,1973,0,0,0
3372868164,"2016-04-29",9135,0,0,402,1038,2045,0,0,0
3372868164,"2016-04-30",5250,17,4,300,1119,1947,0,0,0
3372868164,"2016-05-01",2901,0,0,172,842,1167,0,0,0
3977333714,"2016-04-12",8856,44,19,131,777,1451,0,274,0
3977333714,"2016-04-13",10035,31,46,153,754,1496,0,295,0
3977333714,"2016-04-14",7641,5,23,214,801,1433,0,291,0
3977333714,"2016-04-15",9010,15,42,183,644,1469,0,424,0
3977333714,"2016-04-16",13459,31,83,153,663,1625,0,283,0
3977333714,"2016-04-17",10415,11,58,205,600,1530,0,381,0
3977333714,"2016-04-18",11663,4,95,214,605,1584,0,412,0
3977333714,"2016-04-19",12257,19,67,221,738,1631,0,219,0
3977333714,"2016-04-20",11658,2,98,164,845,1555,0,152,0
3977333714,"2016-04-21",6072,0,0,242,712,1396,0,332,0
3977333714,"2016-04-22",8911,33,12,188,731,1481,0,355,0
3977333714,"2016-04-23",12058,0,92,252,724,1639,0,235,0
3977333714,"2016-04-24",14112,30,95,129,660,1655,0,310,0
3977333714,"2016-04-25",11168,50,9,133,781,1568,0,262,0
3977333714,"2016-04-26",11388,7,95,170,797,1552,0,250,0
3977333714,"2016-04-27",7193,0,10,176,714,1377,0,349,0
3977333714,"2016-04-28",7114,15,8,190,804,1408,0,261,0
3977333714,"2016-04-29",10645,36,32,150,744,1545,0,333,0
3977333714,"2016-04-30",13238,43,52,194,687,1650,0,237,0
3977333714,"2016-05-01",10414,41,40,124,691,1502,0,383,0
3977333714,"2016-05-02",16520,24,143,176,713,1761,0,230,0
3977333714,"2016-05-03",14335,47,41,258,594,1710,0,292,0
3977333714,"2016-05-04",13373,14,96,142,852,1620,0,213,0
3977333714,"2016-05-05",12312,14,88,178,680,1618,0,318,0
3977333714,"2016-05-06",11677,29,55,168,676,1589,0,323,0
3977333714,"2016-05-07",11550,0,86,208,703,1575,0,237,0
3977333714,"2016-05-08",13585,9,116,171,688,1634,0,259,0
3977333714,"2016-05-09",14513,8,122,151,1159,1658,0,0,0
3977333714,"2016-05-10",13072,1,115,196,676,1630,0,312,0
4020332650,"2016-04-12",8489,4,15,331,712,3648,83.5,501,0
4020332650,"2016-04-13",0,0,0,0,1440,1981,0,0,0
4020332650,"2016-04-14",38,0,0,3,1437,1996,90.7,0,0
4020332650,"2016-04-15",1873,36,18,87,1299,2949,92.93,0,0
4020332650,"2016-04-16",1969,65,21,55,1222,3051,100.9,77,0
4020332650,"2016-04-17",7,0,0,2,1438,1988,98.83,0,0
4020332650,"2016-04-18",62,0,0,2,1438,1995,0,0,0
4020332650,"2016-04-19",0,0,0,0,1440,1981,0,0,0
4020332650,"2016-04-20",0,0,0,0,1440,1981,0,0,0
4020332650,"2016-04-21",0,0,0,0,1440,1981,0,0,0
4020332650,"2016-04-22",0,0,0,0,1440,1981,0,0,0
4020332650,"2016-04-23",0,0,0,0,1440,1981,0,0,0
4020332650,"2016-04-24",0,0,0,0,1440,1981,0,0,0
4020332650,"2016-04-25",0,0,0,0,1440,1981,0,0,0
4020332650,"2016-04-26",0,0,0,0,1440,1981,0,0,0
4020332650,"2016-04-27",0,0,0,0,1440,1981,0,0,0
4020332650,"2016-04-28",0,0,0,0,1440,1981,0,0,0
4020332650,"2016-04-29",0,0,0,0,1440,1981,0,0,0
4020332650,"2016-04-30",0,0,0,0,1440,1981,0,0,0
4020332650,"2016-05-01",0,0,0,0,1440,1981,0,0,0
4020332650,"2016-05-02",465,0,11,31,1350,2208,90.3,0,0
4020332650,"2016-05-03",4465,0,0,174,950,2825,77.88,322,0
4020332650,"2016-05-04",10194,13,46,346,531,3872,83.46,478,0
4020332650,"2016-05-05",11713,38,42,196,916,3427,85.57,226,0
4020332650,"2016-05-06",4357,0,0,177,855,2702,75.64,385,0
4020332650,"2016-05-07",5005,0,0,184,1256,2843,89.09,0,0
4020332650,"2016-05-08",5812,0,0,263,775,3083,78.04,364,0
4020332650,"2016-05-09",4556,3,5,173,1225,2785,86.66,0,0
4020332650,"2016-05-10",5474,0,0,206,774,2915,72.62,442,0
4020332650,"2016-05-11",3663,2,8,134,1296,2640,91.23,0,0
4020332650,"2016-05-12",257,0,0,21,721,1030,94.27,0,0
4057192912,"2016-04-12",5394,0,0,164,1276,2274,0,0,0
4057192912,"2016-04-13",5974,0,0,160,1280,2290,0,0,0
4057192912,"2016-04-14",0,0,0,0,1440,1776,0,0,0
4057192912,"2016-04-15",3937,3,6,88,873,1510,0,0,0
4319703577,"2016-04-12",0,0,0,0,1440,1456,0,0,0
4319703577,"2016-04-13",3619,8,15,96,1234,1749,0,0,0
4319703577,"2016-04-14",10210,1,9,339,589,2299,0,535,0
4319703577,"2016-04-15",5664,0,0,228,752,1981,0,465,0
4319703577,"2016-04-16",4744,0,0,194,724,1881,0,506,0
4319703577,"2016-04-17",29,0,0,3,1363,1462,0,0,159.61
4319703577,"2016-04-18",2229,1,9,58,824,1633,0,515,0
4319703577,"2016-04-19",8925,0,0,311,604,2200,0,461,0
4319703577,"2016-04-20",8915,0,18,306,671,2214,0,523,0
4319703577,"2016-04-21",517,0,0,34,1265,1526,0,59,0
4319703577,"2016-04-22",4500,1,19,176,709,1887,0,533,0
4319703577,"2016-04-23",4935,0,0,233,546,1945,0,692,0
4319703577,"2016-04-24",4081,1,5,191,692,1881,0,467,0
4319703577,"2016-04-25",9259,0,8,390,544,2314,0,488,0
4319703577,"2016-04-26",9899,8,21,288,649,2236,0,505,0
4319703577,"2016-04-27",10780,6,47,300,680,2324,0,286,0
4319703577,"2016-04-28",10810,13,8,359,552,2368,0,497,0
4319703577,"2016-04-29",7990,6,18,289,624,2176,0,523,0
4319703577,"2016-04-30",8221,6,38,196,695,2092,0,490,0
4319703577,"2016-05-01",1251,0,0,67,836,1594,0,484,0
4319703577,"2016-05-02",9121,0,11,344,585,2265,0,478,0
4319703577,"2016-05-03",9648,8,26,287,669,2236,0,474,0
4319703577,"2016-05-04",10429,8,13,313,1106,2283,0,0,159.39
4319703577,"2016-05-05",13658,27,34,328,957,2530,0,0,0
4319703577,"2016-05-06",9426,6,11,314,692,2264,0,450,0
4319703577,"2016-05-07",7937,3,28,279,586,2158,0,507,0
4319703577,"2016-05-08",3672,0,0,153,603,1792,0,602,0
4319703577,"2016-05-09",10362,2,14,374,490,2345,0,535,0
4319703577,"2016-05-10",9487,3,12,329,555,2261,0,487,0
4319703577,"2016-05-11",9129,3,18,311,574,2232,0,529,0
4319703577,"2016-05-12",17,0,0,2,0,247,0,302,0
4388161847,"2016-04-12",0,0,0,0,1440,1878,0,0,0
4388161847,"2016-04-13",5938,1,14,150,1275,2510,67.04,0,0
4388161847,"2016-04-14",8863,10,35,219,945,2998,68.44,0,0
4388161847,"2016-04-15",8758,0,0,299,837,3067,67.47,499,0
4388161847,"2016-04-16",6580,6,9,253,609,3073,75.48,426,0
4388161847,"2016-04-17",4660,0,0,201,721,2573,66.39,619,0
4388161847,"2016-04-18",11009,27,8,239,1017,3274,81.49,99,0
4388161847,"2016-04-19",10181,20,16,249,704,3015,65.53,329,0
4388161847,"2016-04-20",10553,19,42,228,696,3083,65.4,421,0
4388161847,"2016-04-21",10055,7,12,272,853,3070,63.1,442,0
4388161847,"2016-04-22",12139,77,25,220,945,3544,73.28,82,0
4388161847,"2016-04-23",13236,58,5,215,749,3307,67.08,478,0
4388161847,"2016-04-24",10243,14,8,239,584,2885,62.1,552,0
4388161847,"2016-04-25",12961,11,31,301,1054,3289,67.51,0,0
4388161847,"2016-04-26",9461,14,23,224,673,2929,62.51,319,0
4388161847,"2016-04-27",11193,11,48,241,684,3075,62.12,439,0
4388161847,"2016-04-28",10074,19,9,234,878,2969,62.33,428,0
4388161847,"2016-04-29",9232,13,16,236,1175,2979,66.11,0,0
4388161847,"2016-04-30",12533,14,43,300,537,3283,64.23,409,0
4388161847,"2016-05-01",10255,12,15,241,579,2927,60.02,547,0
4388161847,"2016-05-02",10096,33,4,204,935,3147,66.39,368,0
4388161847,"2016-05-03",12727,18,18,306,984,3290,66.62,0,0
4388161847,"2016-05-04",12375,35,21,251,632,3162,61.95,390,0
4388161847,"2016-05-05",9603,12,39,199,896,2900,61.04,471,0
4388161847,"2016-05-06",13175,33,45,262,1100,3425,69.08,0,0
4388161847,"2016-05-07",22770,120,56,260,508,4022,66.63,472,0
4388161847,"2016-05-08",17298,107,38,178,576,3935,76.78,529,0
4388161847,"2016-05-09",10218,6,19,258,1020,3013,64.05,62,0
4388161847,"2016-05-10",10299,13,14,267,648,3061,61.22,354,0
4388161847,"2016-05-11",10201,8,18,256,858,2954,59.97,469,0
4388161847,"2016-05-12",3079,0,0,108,825,1554,60.25,0,0
4445114986,"2016-04-12",3276,0,0,196,787,2114,0,429,0
4445114986,"2016-04-13",2961,0,0,194,840,2095,0,370,0
4445114986,"2016-04-14",3974,0,0,231,717,2194,0,441,0
4445114986,"2016-04-15",7198,0,0,350,711,2496,0,337,0
4445114986,"2016-04-16",3945,0,0,225,716,2181,0,462,0
4445114986,"2016-04-17",2258,0,0,114,1219,1932,0,98,0
4445114986,"2016-04-18",6155,25,6,162,1247,2248,0,0,0
4445114986,"2016-04-19",2064,0,0,121,895,1954,0,388,0
4445114986,"2016-04-20",2072,0,0,137,841,1974,0,439,0
4445114986,"2016-04-21",3789,0,0,215,756,2147,0,436,0
4445114986,"2016-04-22",6831,0,0,317,706,2432,0,388,0
4445114986,"2016-04-23",4363,0,0,201,1239,2149,0,0,0
4445114986,"2016-04-24",5002,0,0,244,1196,2247,0,0,0
4445114986,"2016-04-25",3385,0,0,179,916,2071,0,328,0
4445114986,"2016-04-26",6326,29,1,180,839,2291,0,353,0
4445114986,"2016-04-27",7243,32,1,194,839,2362,0,332,0
4445114986,"2016-04-28",4493,0,0,236,762,2204,0,419,0
4445114986,"2016-04-29",4658,0,0,226,1106,2194,0,106,0
4445114986,"2016-04-30",6222,0,0,290,797,2364,0,322,0
4445114986,"2016-05-01",5232,0,0,240,741,2247,0,439,0
4445114986,"2016-05-02",6910,27,4,200,667,2336,0,502,0
4445114986,"2016-05-03",7502,30,2,233,725,2421,0,417,0
4445114986,"2016-05-04",2923,0,0,180,897,2071,0,337,0
4445114986,"2016-05-05",3800,2,6,185,734,2121,0,462,0
4445114986,"2016-05-06",4514,0,0,229,809,2211,0,374,0
4445114986,"2016-05-07",5167,26,4,108,866,2124,0,401,0
4445114986,"2016-05-08",7303,0,8,308,733,2423,0,361,0
4445114986,"2016-05-09",5275,0,0,266,641,2282,0,457,0
4445114986,"2016-05-10",3915,0,0,231,783,2182,0,405,0
4445114986,"2016-05-11",9105,34,22,232,622,2500,0,499,0
4445114986,"2016-05-12",484,0,0,58,380,976,0,483,0
4558609924,"2016-04-12",5135,0,0,318,1122,1910,76.64,0,0
4558609924,"2016-04-13",4978,19,7,127,1287,1723,85.1,0,0
4558609924,"2016-04-14",6799,0,0,279,1161,1923,81.56,0,0
4558609924,"2016-04-15",7795,17,30,262,1131,2122,90.86,0,0
4558609924,"2016-04-16",7265,8,12,308,1112,1991,76.3,0,0
4558609924,"2016-04-17",9634,7,19,304,1110,2118,83.2,0,0
4558609924,"2016-04-18",8940,14,15,331,1080,2116,80.46,0,153.66
4558609924,"2016-04-19",5401,1,9,248,1182,1876,83.1,0,0
4558609924,"2016-04-20",4803,0,0,222,1218,1789,76.92,0,0
4558609924,"2016-04-21",13743,6,21,432,844,2487,85.66,126,0
4558609924,"2016-04-22",9601,20,25,273,1122,2095,82.56,0,0
4558609924,"2016-04-23",6890,5,5,308,1122,2079,85.85,0,0
4558609924,"2016-04-24",8553,0,0,395,1045,2169,83.97,0,0
4558609924,"2016-04-25",8095,18,10,340,993,2226,82.49,0,154.98
4558609924,"2016-04-26",9148,12,41,283,1062,2222,91.34,103,0
4558609924,"2016-04-27",9557,27,14,312,1087,2098,84.56,0,0
4558609924,"2016-04-28",9451,1,11,367,985,2185,85.64,0,0
4558609924,"2016-04-29",7833,15,29,197,1096,1923,80.56,171,0
4558609924,"2016-04-30",10310,7,29,293,1111,2104,79.19,0,0
4558609924,"2016-05-01",3428,0,0,190,1121,1691,70.84,115,154.1
4558609924,"2016-05-02",7891,0,0,383,1057,2066,78.67,0,152.56
4558609924,"2016-05-03",5267,21,10,237,1172,1953,82.52,0,0
4558609924,"2016-05-04",5232,0,0,252,1188,1843,76.83,0,0
4558609924,"2016-05-05",10611,14,8,370,1048,2262,81.94,0,0
4558609924,"2016-05-06",3755,0,0,202,1238,1723,71.95,0,0
4558609924,"2016-05-07",8237,23,16,233,1116,1973,76.25,0,0
4558609924,"2016-05-08",6543,66,35,238,1019,2667,104.87,123,0
4558609924,"2016-05-09",11451,6,30,339,1065,2224,79.38,0,152.34
4558609924,"2016-05-10",6435,11,18,220,1191,1889,75.79,0,0
4558609924,"2016-05-11",9108,4,31,324,1081,2131,74.92,0,0
4558609924,"2016-05-12",6020,0,0,247,736,1403,79.68,0,0
4702921684,"2016-04-12",7213,0,0,263,718,2947,0,425,0
4702921684,"2016-04-13",6877,0,0,258,777,2897,0,400,0
4702921684,"2016-04-14",7860,0,0,271,772,2985,0,384,0
4702921684,"2016-04-15",6506,1,8,256,944,2896,0,253,0
4702921684,"2016-04-16",11134,3,24,335,556,3322,0,382,0
4702921684,"2016-04-17",12692,12,66,302,437,3394,0,591,0
4702921684,"2016-04-18",9105,22,30,191,890,3014,0,293,0
4702921684,"2016-04-19",6708,10,8,179,757,2813,0,457,0
4702921684,"2016-04-20",8793,2,29,260,717,3061,0,454,0
4702921684,"2016-04-21",6530,4,41,144,901,2730,0,425,0
4702921684,"2016-04-22",1664,0,0,72,1341,2242,0,0,0
4702921684,"2016-04-23",15126,9,66,408,469,3692,0,465,0
4702921684,"2016-04-24",15050,15,95,281,542,3539,0,480,0
4702921684,"2016-04-25",9140,6,15,270,730,3060,0,370,0
4702921684,"2016-04-26",6108,1,8,216,765,2784,0,421,0
4702921684,"2016-04-27",6976,1,16,238,733,2902,0,432,0
4702921684,"2016-04-28",9023,14,9,232,738,3034,0,442,0
4702921684,"2016-04-29",9930,12,19,267,692,3165,0,433,0
4702921684,"2016-04-30",10144,4,36,263,728,3116,0,479,0
4702921684,"2016-05-01",0,0,0,0,1440,2017,0,0,0
4702921684,"2016-05-02",7245,5,40,195,1131,2859,0,0,0
4702921684,"2016-05-03",9454,0,0,313,729,3144,0,327,0
4702921684,"2016-05-04",8161,4,15,251,757,3004,0,412,0
4702921684,"2016-05-05",8614,8,5,241,745,3005,0,414,0
4702921684,"2016-05-06",6910,1,16,207,682,2857,0,404,0
4702921684,"2016-05-07",14370,5,46,439,577,3684,0,520,0
4702921684,"2016-05-08",12857,9,125,192,1019,3287,0,0,0
4702921684,"2016-05-09",8232,0,12,253,746,2991,0,435,0
4702921684,"2016-05-10",10613,1,37,262,701,3173,0,416,0
4702921684,"2016-05-11",9772,10,41,235,784,3070,0,354,0
4702921684,"2016-05-12",2752,0,0,68,241,1222,0,404,0
5553957443,"2016-04-12",11596,19,13,277,767,2026,64.37,441,0
5553957443,"2016-04-13",4832,0,0,226,647,1718,61.48,455,0
5553957443,"2016-04-14",17022,61,41,256,693,2324,72.56,357,0
5553957443,"2016-04-15",16556,58,38,239,689,2254,69.02,377,0
5553957443,"2016-04-16",5771,0,0,288,521,1831,66.02,651,0
5553957443,"2016-04-17",655,0,0,46,943,1398,59.38,350,0
5553957443,"2016-04-18",3727,0,0,206,622,1683,65.38,520,0
5553957443,"2016-04-19",15482,69,28,249,756,2284,74.89,357,0
5553957443,"2016-04-20",2713,0,0,148,598,1570,60.04,658,0
5553957443,"2016-04-21",12346,47,42,177,801,2066,71.33,399,0
5553957443,"2016-04-22",11670,25,16,270,781,2105,70.43,322,0
5553957443,"2016-04-23",4110,0,0,272,443,1776,67.07,631,0
5553957443,"2016-04-24",1807,0,0,104,582,1507,63.97,553,0
5553957443,"2016-04-25",10946,51,11,201,732,2033,72.05,433,0
5553957443,"2016-04-26",11886,40,18,238,750,2094,73.01,412,0
5553957443,"2016-04-27",10538,16,16,206,745,1922,65.07,347,0
5553957443,"2016-04-28",11393,49,13,165,727,2000,71.07,421,0
5553957443,"2016-04-29",12764,46,15,270,709,2170,73.07,450,0
5553957443,"2016-04-30",1202,0,0,84,506,1463,65.78,775,0
5553957443,"2016-05-01",5164,0,0,237,436,1747,66.54,622,0
5553957443,"2016-05-02",9769,23,9,227,724,1997,72.59,409,0
5553957443,"2016-05-03",12821,26,29,247,812,2115,69.95,380,0
5553957443,"2016-05-04",4249,0,0,224,651,1699,61.67,447,0
5553957443,"2016-05-05",14331,44,29,241,692,2156,69.4,419,0
5553957443,"2016-05-06",9632,21,9,229,761,1916,63.17,400,0
5553957443,"2016-05-07",1868,0,0,96,902,1494,63.03,442,0
5553957443,"2016-05-08",6083,3,8,210,505,1763,65.57,568,0
5553957443,"2016-05-09",11611,59,22,251,667,2273,76.66,453,0
5553957443,"2016-05-10",16315,61,40,265,707,2336,76.83,418,0
5553957443,"2016-05-11",4926,0,0,195,628,1693,65.4,463,0
5553957443,"2016-05-12",3121,8,6,48,222,715,64.2,438,0
5577150313,"2016-04-12",8135,86,16,140,728,3405,65.66,419,0
5577150313,"2016-04-13",5077,15,11,144,776,2552,59.7,432,0
5577150313,"2016-04-14",8596,118,30,176,662,4098,76.84,477,0
5577150313,"2016-04-15",12087,115,54,199,695,4004,73.68,392,0
5577150313,"2016-04-16",14261,184,56,158,472,4272,69.84,406,0
5577150313,"2016-04-17",12231,200,37,159,525,4552,71.12,549,199.96
5577150313,"2016-04-18",9893,114,32,130,623,3624,68.65,527,0
5577150313,"2016-04-19",12574,108,23,111,733,3501,70.46,449,0
5577150313,"2016-04-20",8330,87,16,113,773,3192,69.17,447,0
5577150313,"2016-04-21",10830,110,74,175,670,4019,72.31,414,0
5577150313,"2016-04-22",8700,62,30,200,823,3284,64.65,338,0
5577150313,"2016-04-23",7638,24,24,223,627,3151,65.08,384,0
5577150313,"2016-04-24",15764,210,65,141,425,4392,72.27,543,0
5577150313,"2016-04-25",6393,61,38,214,743,3375,67.55,421,0
5577150313,"2016-04-26",5325,38,32,181,759,3089,65.36,354,0
5577150313,"2016-04-27",6805,63,16,190,773,3294,66.43,424,0
5577150313,"2016-04-28",9841,99,51,141,692,3581,70.69,361,0
5577150313,"2016-04-29",7924,97,36,165,739,3545,66.27,459,0
5577150313,"2016-04-30",12363,207,45,163,621,4501,71.56,412,0
5577150313,"2016-05-01",13368,194,72,178,499,4547,73.7,379,0
5577150313,"2016-05-02",7414,37,20,235,732,3014,64.61,525,0
5577150313,"2016-05-03",11045,97,8,212,580,3795,70.0,508,0
5577150313,"2016-05-04",5206,25,9,141,631,2754,62.25,603,0
5577150313,"2016-05-05",7550,45,21,143,1153,3005,72.21,74,0
5577150313,"2016-05-06",4950,41,16,79,1304,2643,70.48,0,0
5577150313,"2016-05-07",0,0,0,0,1440,1820,0,0,0
5577150313,"2016-05-08",0,0,0,0,1440,1820,0,0,0
5577150313,"2016-05-09",3421,34,11,70,1099,2489,68.04,0,0
5577150313,"2016-05-10",8869,104,37,194,639,3841,75.29,504,0
5577150313,"2016-05-11",3929,45,15,63,257,1650,67.04,431,0
6117666160,"2016-04-12",0,0,0,0,1440,1497,0,0,0
6117666160,"2016-04-13",0,0,0,0,1440,1497,0,0,0
6117666160,"2016-04-14",0,0,0,0,1440,1497,0,0,0
6117666160,"2016-04-15",14019,0,6,513,921,2865,97.94,0,0
6117666160,"2016-04-16",14450,7,15,518,502,2828,87.03,380,0
6117666160,"2016-04-17",7150,0,0,312,702,2226,85.35,336,0
6117666160,"2016-04-18",5153,0,0,241,759,2019,82.91,493,0
6117666160,"2016-04-19",11135,0,0,480,425,2607,83.51,465,0
6117666160,"2016-04-20",10449,26,10,349,587,2536,85.5,474,0
6117666160,"2016-04-21",9093,11,19,294,579,2367,79.4,508,0
6117666160,"2016-04-22",8206,0,0,402,413,2410,81.7,480,0
6117666160,"2016-04-23",11495,0,0,512,468,2650,81.8,492,0
6117666160,"2016-04-24",7623,0,0,362,711,2305,84.21,353,0
6117666160,"2016-04-25",0,0,0,0,1440,1497,0,0,0
6117666160,"2016-04-26",9543,0,7,352,1077,2450,90.57,0,0
6117666160,"2016-04-27",9411,0,0,458,417,2577,83.15,542,0
6117666160,"2016-04-28",3403,0,0,141,758,1880,80.1,393,0
6117666160,"2016-04-29",9592,0,0,461,479,2560,82.16,600,0
6117666160,"2016-04-30",6987,0,0,343,1040,2276,85.35,0,0
6117666160,"2016-05-01",8915,0,0,397,525,2361,77.44,507,0
6117666160,"2016-05-02",4927,0,0,236,1204,2042,91.67,0,0
6117666160,"2016-05-03",0,0,0,0,1440,1497,0,0,0
6117666160,"2016-05-04",2997,0,0,156,1279,1902,92.9,0,0
6117666160,"2016-05-05",9799,0,0,487,479,2637,84.72,392,0
6117666160,"2016-05-06",3365,0,0,133,673,1837,76.57,658,0
6117666160,"2016-05-07",7336,0,0,412,456,2469,83.88,498,0
6117666160,"2016-05-08",7328,0,0,318,517,2251,81.14,555,0
6117666160,"2016-05-09",3297,0,0,197,125,1085,76.47,492,0
6290855005,"2016-04-12",4562,0,0,199,1241,2560,0,0,0
6290855005,"2016-04-13",7142,0,0,350,1090,2905,0,0,0
6290855005,"2016-04-14",7671,0,0,363,1077,2952,0,0,0
6290855005,"2016-04-15",9501,0,0,328,1112,2896,0,0,0
6290855005,"2016-04-16",8301,0,0,258,1182,2784,0,0,0
6290855005,"2016-04-17",7851,31,12,225,1172,3172,0,0,0
6290855005,"2016-04-18",6885,0,0,271,1169,2766,0,0,0
6290855005,"2016-04-19",7142,0,0,321,1119,2839,0,0,0
6290855005,"2016-04-20",6361,0,0,258,1182,2701,0,0,0
6290855005,"2016-04-21",0,0,0,0,1440,2061,0,0,0
6290855005,"2016-04-22",6238,0,0,302,1138,2796,0,0,0
6290855005,"2016-04-23",0,33,0,0,1407,2664,0,0,0
6290855005,"2016-04-24",5896,0,0,258,1182,2704,0,0,0
6290855005,"2016-04-25",7802,8,3,249,1180,2772,0,0,0
6290855005,"2016-04-26",0,0,0,0,1440,2061,0,0,0
6290855005,"2016-04-27",5565,0,0,287,1153,2744,0,0,0
6290855005,"2016-04-28",5731,0,0,255,1185,2687,0,0,0
6290855005,"2016-04-29",0,0,0,0,1440,2061,0,0,0
6290855005,"2016-04-30",6744,0,0,324,1116,2844,0,0,0
6290855005,"2016-05-01",9837,8,95,282,1055,3327,0,0,0
6290855005,"2016-05-02",6781,0,0,268,1172,2725,0,0,0
6290855005,"2016-05-03",6047,0,0,240,1200,2671,0,0,0
6290855005,"2016-05-04",5832,0,0,272,1168,2719,0,0,0
6290855005,"2016-05-05",6339,0,0,239,1201,2683,0,0,0
6290855005,"2016-05-06",6116,0,0,305,1135,2807,0,0,0
6290855005,"2016-05-07",5510,0,0,227,1213,2614,0,0,0
6290855005,"2016-05-08",7706,0,0,251,1189,2712,0,0,0
6290855005,"2016-05-09",6118,0,0,264,800,2094,0,0,0
6775888955,"2016-04-12",0,0,0,0,1440,1841,0,0,0
6775888955,"2016-04-13",4053,17,18,85,1053,2401,82.72,235,0
6775888955,"2016-04-14",5162,14,24,105,863,2508,79.27,423,0
6775888955,"2016-04-15",1282,0,0,58,976,2128,80.59,391,0
6775888955,"2016-04-16",4732,36,18,9,1377,2225,108.62,0,0
6775888955,"2016-04-17",2497,5,24,19,1392,2067,102.37,0,0
6775888955,"2016-04-18",8294,30,31,146,1233,2798,97.72,0,0
6775888955,"2016-04-19",0,0,0,0,1440,1841,99.46,0,0
6775888955,"2016-04-20",10771,70,113,178,1079,3727,105.64,0,0
6775888955,"2016-04-21",0,0,0,0,1440,1841,0,0,0
6775888955,"2016-04-22",637,0,0,20,1420,1923,90.89,0,0
6775888955,"2016-04-23",0,0,0,0,1440,1841,0,0,0
6775888955,"2016-04-24",2153,11,18,11,1400,2053,109.79,0,0
6775888955,"2016-04-25",6463,33,13,92,1302,2482,94.66,0,0
6775888955,"2016-04-26",7091,42,30,47,1321,2585,99.66,0,0
6775888955,"2016-04-27",0,0,0,0,1440,1841,0,0,0
6775888955,"2016-04-28",703,2,13,15,1410,1993,104.71,0,0
6775888955,"2016-04-29",0,0,0,0,1440,1842,81.79,0,0
6775888955,"2016-04-30",2503,3,9,84,1344,2280,96.1,0,0
6775888955,"2016-05-01",2487,9,34,50,1347,2320,107.14,0,0
6775888955,"2016-05-02",0,0,0,0,1440,1841,0,0,0
6775888955,"2016-05-03",9,0,0,1,1439,1843,0,0,0
6775888955,"2016-05-04",0,0,0,0,1440,1841,0,0,0
6775888955,"2016-05-05",0,0,0,0,1440,1841,0,0,0
6775888955,"2016-05-06",4642,12,35,75,1318,2496,98.86,0,0
6775888955,"2016-05-07",1892,2,5,49,551,1011,94.22,0,0
6962181067,"2016-04-12",10199,50,14,189,796,1995,85.04,366,137.79
6962181067,"2016-04-13",5652,8,24,142,548,1718,80.52,630,136.91
6962181067,"2016-04-14",1551,0,0,86,862,1466,70.13,508,136.03
6962181067,"2016-04-15",5563,0,0,217,837,1757,72.99,370,135.58
6962181067,"2016-04-16",13217,50,3,280,741,2173,82.04,357,136.69
6962181067,"2016-04-17",10145,5,13,295,634,2028,76.66,427,135.36
6962181067,"2016-04-18",11404,13,42,238,689,2040,76.92,442,134.92
6962181067,"2016-04-19",10742,35,41,195,659,2046,77.43,476,135.36
6962181067,"2016-04-20",13928,48,4,297,639,2174,74.91,418,136.03
6962181067,"2016-04-21",11835,53,27,214,708,2180,83.47,451,135.36
6962181067,"2016-04-22",10725,30,33,240,659,2087,79.12,425,135.36
6962181067,"2016-04-23",20031,58,41,347,484,2571,84.65,528,135.58
6962181067,"2016-04-24",5029,0,0,199,720,1706,68.82,511,135.58
6962181067,"2016-04-25",13239,35,31,282,637,2194,73.99,400,136.03
6962181067,"2016-04-26",10433,36,7,254,680,2017,77.08,441,0
6962181067,"2016-04-27",10320,7,38,279,697,2034,73.0,455,134.92
6962181067,"2016-04-28",12627,38,8,288,621,2183,82.08,440,134.92
6962181067,"2016-04-29",10762,12,15,369,645,2254,80.96,433,135.36
6962181067,"2016-04-30",10081,32,16,237,731,2002,80.16,422,134.48
6962181067,"2016-05-01",5454,0,0,215,722,1741,73.29,411,136.03
6962181067,"2016-05-02",12912,18,39,313,655,2162,79.67,466,135.58
6962181067,"2016-05-03",12109,21,36,267,654,2072,75.4,394,134.48
6962181067,"2016-05-04",10147,15,36,284,683,2086,79.47,442,134.7
6962181067,"2016-05-05",10524,14,22,305,591,2067,76.64,467,135.14
6962181067,"2016-05-06",5908,0,0,299,717,1851,72.33,443,135.58
6962181067,"2016-05-07",6815,0,0,328,745,1947,76.98,298,134.92
6962181067,"2016-05-08",4188,0,14,151,709,1660,75.0,541,134.92
6962181067,"2016-05-09",12342,43,21,231,607,2105,77.02,489,137.57
6962181067,"2016-05-10",15448,62,34,275,626,2361,83.32,469,136.91
6962181067,"2016-05-11",6722,24,7,199,709,1856,79.25,452,136.47
6962181067,"2016-05-12",3569,0,8,105,127,927,75.72,516,136.47
7007744171,"2016-04-12",14172,53,8,355,1024,2938,96.43,0,0
7007744171,"2016-04-13",12862,56,22,261,1101,2743,93.01,0,0
7007744171,"2016-04-14",11179,34,6,304,1096,2669,92.35,0,0
7007744171,"2016-04-15",5273,0,0,202,1238,2099,84.84,0,0
7007744171,"2016-04-16",4631,0,0,203,1155,2076,79.95,79,0
7007744171,"2016-04-17",8059,0,0,305,1135,2384,85.98,0,0
7007744171,"2016-04-18",14816,48,31,284,1077,2832,93.21,0,0
7007744171,"2016-04-19",14194,53,17,304,1066,2811,94.41,0,0
7007744171,"2016-04-20",15566,60,33,347,1000,3096,96.8,0,0
7007744171,"2016-04-21",13744,30,34,327,1049,2764,92.19,0,0
7007744171,"2016-04-22",15299,64,50,261,1065,2890,93.93,0,0
7007744171,"2016-04-23",8093,2,25,223,1190,2285,93.29,0,0
7007744171,"2016-04-24",11085,0,0,419,1021,2667,95.19,0,0
7007744171,"2016-04-25",18229,51,24,379,986,3055,94.64,0,0
7007744171,"2016-04-26",15090,16,22,424,978,2940,90.65,0,0
7007744171,"2016-04-27",13541,50,12,337,1041,2830,95.19,0,0
7007744171,"2016-04-28",15128,16,16,401,1007,2837,89.45,0,0
7007744171,"2016-04-29",20067,55,42,382,961,3181,93.94,0,0
7007744171,"2016-04-30",3761,0,0,200,1240,2051,80.32,0,0
7007744171,"2016-05-01",5600,0,0,237,1142,2226,84.96,58,0
7007744171,"2016-05-02",13041,64,14,250,1112,2642,86.11,0,0
7007744171,"2016-05-03",14510,58,31,330,1021,2976,93.36,0,0
7007744171,"2016-05-04",0,0,0,0,1440,1557,0,0,0
7007744171,"2016-05-05",15010,53,23,317,1047,2934,97.9,0,0
7007744171,"2016-05-06",11459,44,13,247,1136,2554,87.15,0,0
7007744171,"2016-05-07",0,0,0,0,111,65,0,0,0
7086361926,"2016-04-12",11309,59,6,153,745,2772,0,514,0
7086361926,"2016-04-13",5813,31,26,155,744,2516,0,451,0
7086361926,"2016-04-14",8998,35,32,189,787,2727,0,472,0
7086361926,"2016-04-15",8585,30,21,139,864,2395,0,377,0
7086361926,"2016-04-16",31,0,0,3,1437,1635,0,0,0
7086361926,"2016-04-17",0,0,0,0,1440,1630,0,0,0
7086361926,"2016-04-18",9827,61,51,114,1136,2744,0,0,0
7086361926,"2016-04-19",10688,67,69,124,671,2944,0,472,0
7086361926,"2016-04-20",14365,87,13,145,797,2997,0,492,0
7086361926,"2016-04-21",9469,19,6,206,758,2464,0,390,0
7086361926,"2016-04-22",9733,58,59,153,762,2844,0,428,0
7086361926,"2016-04-23",2811,0,0,90,1350,1964,0,0,0
7086361926,"2016-04-24",3520,0,0,125,566,2049,0,681,0
7086361926,"2016-04-25",10091,69,39,129,706,2752,0,446,0
7086361926,"2016-04-26",10378,70,33,132,726,2780,0,485,0
7086361926,"2016-04-27",11107,55,6,145,829,2693,0,469,0
7086361926,"2016-04-28",11575,54,48,161,810,2860,0,354,0
7086361926,"2016-04-29",7881,24,36,182,1198,2614,0,0,0
7086361926,"2016-04-30",14560,42,17,308,584,2996,0,485,0
7086361926,"2016-05-01",12375,30,15,258,685,2729,0,388,0
7086361926,"2016-05-02",10052,66,26,139,737,2754,0,440,0
7086361926,"2016-05-03",10288,57,36,152,761,2754,0,456,0
7086361926,"2016-05-04",10988,45,12,135,843,2655,0,420,0
7086361926,"2016-05-05",8525,24,14,149,1253,2379,0,0,0
7086361926,"2016-05-06",12461,84,35,154,834,2924,0,322,0
7086361926,"2016-05-07",12827,20,42,209,621,2740,0,530,0
7086361926,"2016-05-08",10677,32,27,147,695,2534,0,481,0
7086361926,"2016-05-09",13558,67,50,171,743,2959,0,427,0
7086361926,"2016-05-10",14407,72,23,106,1182,2795,0,0,0
7086361926,"2016-05-11",9572,57,40,128,757,2735,0,451,0
7086361926,"2016-05-12",1032,5,4,58,343,995,0,444,0
8053475328,"2016-04-12",18060,116,8,123,1193,3186,0,0,0
8053475328,"2016-04-13",16433,95,12,156,1177,3141,0,0,0
8053475328,"2016-04-14",20089,119,5,193,1123,3408,0,0,0
8053475328,"2016-04-15",20669,132,8,158,1142,3411,0,0,0
8053475328,"2016-04-16",14549,96,6,83,1255,2868,0,0,0
8053475328,"2016-04-17",18827,111,21,195,1113,3213,0,0,0
8053475328,"2016-04-18",17076,102,6,195,1137,3133,0,0,0
8053475328,"2016-04-19",15929,90,7,191,1152,3115,0,0,0
8053475328,"2016-04-20",15108,89,5,158,695,3044,0,486,0
8053475328,"2016-04-21",16049,100,6,170,1164,3101,0,0,0
8053475328,"2016-04-22",10520,60,3,117,1260,2655,0,0,0
8053475328,"2016-04-23",22359,125,14,223,741,3555,0,331,0
8053475328,"2016-04-24",22988,129,33,182,1096,3577,0,0,0
8053475328,"2016-04-25",20500,118,9,209,1104,3404,0,0,0
8053475328,"2016-04-26",12685,68,5,185,1182,2845,0,0,0
8053475328,"2016-04-27",12422,60,10,183,1187,2853,0,0,0
8053475328,"2016-04-28",15447,90,9,153,1188,3062,0,0,0
8053475328,"2016-04-29",12315,58,8,159,1215,2795,0,0,0
8053475328,"2016-04-30",7135,27,1,131,1281,2409,0,0,0
8053475328,"2016-05-01",1170,0,0,51,1389,1886,0,0,0
8053475328,"2016-05-02",1969,0,0,95,1345,1988,0,0,0
8053475328,"2016-05-03",15484,87,22,165,1166,3023,0,0,0
8053475328,"2016-05-04",14563,89,8,123,1220,2917,0,0,0
8053475328,"2016-05-05",14990,93,9,130,1208,2950,0,0,0
8053475328,"2016-05-06",13953,90,15,90,1245,2859,0,0,0
8053475328,"2016-05-07",19769,121,20,148,1076,3331,0,74,0
8053475328,"2016-05-08",22026,125,14,228,1073,3589,0,0,0
8053475328,"2016-05-09",12465,66,12,148,1214,2765,0,0,0
8053475328,"2016-05-10",14810,96,10,115,1219,2926,0,0,0
8053475328,"2016-05-11",12209,60,7,184,1189,2809,0,0,0
8053475328,"2016-05-12",4895,28,4,39,839,1485,0,0,0
8253242879,"2016-04-12",9033,40,2,154,1244,2044,0,0,0
8253242879,"2016-04-13",8053,35,11,96,1298,1935,0,0,0
8253242879,"2016-04-14",5234,29,16,33,1362,1706,0,0,0
8253242879,"2016-04-15",2672,0,0,105,1335,1632,0,0,0
8253242879,"2016-04-16",9256,6,51,115,1268,1881,0,0,0
8253242879,"2016-04-17",10204,41,5,157,1237,2112,0,0,0
8253242879,"2016-04-18",5151,16,16,130,1278,1829,0,0,0
8253242879,"2016-04-19",4212,0,0,164,1276,1764,0,0,0
8253242879,"2016-04-20",6466,5,18,216,1201,1931,0,0,0
8253242879,"2016-04-21",11268,49,20,172,1199,2218,0,0,0
8253242879,"2016-04-22",2824,0,0,120,1320,1651,0,0,0
8253242879,"2016-04-23",9282,30,26,191,1193,2133,0,0,0
8253242879,"2016-04-24",8905,41,4,82,1313,1976,0,0,0
8253242879,"2016-04-25",6829,7,54,118,1261,1909,0,0,0
8253242879,"2016-04-26",4562,19,14,108,1299,1813,0,0,0
8253242879,"2016-04-27",10232,45,5,104,1286,2008,0,0,0
8253242879,"2016-04-28",2718,11,16,20,1393,1580,0,0,0
8253242879,"2016-04-29",5937,16,14,136,1257,1787,0,0,0
8378563200,"2016-04-12",7626,65,15,156,723,3635,0,338,0
8378563200,"2016-04-13",12386,116,14,169,680,4080,0,447,0
8378563200,"2016-04-14",13318,123,21,174,699,4163,0,424,0
8378563200,"2016-04-15",14461,60,23,190,729,3656,0,513,0
8378563200,"2016-04-16",11196,64,21,142,563,3363,0,611,0
8378563200,"2016-04-17",2132,0,0,93,599,2572,0,525,0
8378563200,"2016-04-18",13630,117,10,174,720,4158,0,398,0
8378563200,"2016-04-19",13070,120,19,154,737,4092,0,387,0
8378563200,"2016-04-20",9388,82,8,169,763,3787,0,381,0
8378563200,"2016-04-21",15148,137,16,145,677,4236,0,396,0
8378563200,"2016-04-22",12200,113,12,159,769,4045,0,441,0
8378563200,"2016-04-23",5709,19,10,136,740,2909,0,565,0
8378563200,"2016-04-24",3703,0,0,135,734,2741,0,458,0
8378563200,"2016-04-25",12405,117,16,141,692,4005,0,388,0
8378563200,"2016-04-26",16208,90,18,161,593,3763,0,550,0
8378563200,"2016-04-27",7359,4,4,192,676,3062,0,531,0
8378563200,"2016-04-28",5417,11,10,139,711,2885,0,506,0
8378563200,"2016-04-29",6147,3,7,172,767,2983,0,527,0
8378563200,"2016-04-30",2946,0,0,121,780,2660,0,468,0
8378563200,"2016-05-01",11419,71,10,127,669,3370,0,475,0
8378563200,"2016-05-02",6064,63,4,142,802,3491,0,351,0
8378563200,"2016-05-03",8712,71,20,195,822,3785,0,405,0
8378563200,"2016-05-04",7875,19,10,167,680,3110,0,441,0
8378563200,"2016-05-05",8567,66,3,214,764,3784,0,381,0
8378563200,"2016-05-06",7045,74,5,166,831,3645,0,323,0
8378563200,"2016-05-07",4468,0,0,158,851,2799,0,459,0
8378563200,"2016-05-08",2943,0,0,139,621,2686,0,545,0
8378563200,"2016-05-09",8382,71,13,171,772,3722,0,359,0
8378563200,"2016-05-10",6582,63,13,152,840,3587,0,342,0
8378563200,"2016-05-11",9143,72,10,184,763,3788,0,368,0
8378563200,"2016-05-12",3574,8,6,102,433,1607,0,496,0
8583815059,"2016-04-12",5014,0,7,196,1237,2650,0,0,0
8583815059,"2016-04-13",5571,2,23,163,1252,2654,0,0,0
8583815059,"2016-04-14",3118,0,0,134,1306,2442,0,0,0
8583815059,"2016-04-15",1158,0,0,65,1375,2208,0,0,0
8583815059,"2016-04-16",0,0,0,0,1440,2020,0,0,0
8583815059,"2016-04-17",0,0,0,0,1440,2020,0,0,0
8583815059,"2016-04-18",3481,4,22,105,1309,2499,0,0,0
8583815059,"2016-04-19",5697,7,10,166,1257,2669,0,0,0
8583815059,"2016-04-20",5273,0,27,167,1246,2648,0,0,0
8583815059,"2016-04-21",8538,35,18,158,1229,2883,0,0,0
8583815059,"2016-04-22",8687,4,54,212,1170,2944,0,0,0
8583815059,"2016-04-23",9381,7,44,238,1151,3011,0,0,0
8583815059,"2016-04-24",8286,2,44,206,1188,2889,0,0,0
8583815059,"2016-04-25",4503,18,6,122,1294,2548,0,0,0
8583815059,"2016-04-26",10499,1,91,214,1134,3094,0,0,0
8583815059,"2016-04-27",12474,77,5,129,1229,3143,0,0,0
8583815059,"2016-04-28",6174,0,28,203,1209,2757,0,0,0
8583815059,"2016-04-29",15156,46,67,258,1069,3510,0,0,0
8583815059,"2016-04-30",10085,2,28,317,1093,3165,0,0,0
8583815059,"2016-05-01",3773,10,2,117,1311,2463,0,0,0
8583815059,"2016-05-02",0,0,0,0,1440,2020,0,0,0
8583815059,"2016-05-03",0,0,0,0,1440,2020,0,0,0
8583815059,"2016-05-04",0,0,0,0,1440,2020,0,0,0
8583815059,"2016-05-05",1507,0,0,70,1370,2234,0,0,0
8583815059,"2016-05-06",5843,2,22,166,1250,2683,0,0,0
8583815059,"2016-05-07",6117,0,0,250,1190,2811,0,0,0
8583815059,"2016-05-08",9217,3,72,182,1183,2940,0,0,0
8583815059,"2016-05-09",9834,66,4,110,1260,2940,0,0,0
8583815059,"2016-05-10",8217,9,43,162,1226,2842,0,0,0
8583815059,"2016-05-11",8597,5,71,177,1106,2731,0,0,0
8792009665,"2016-04-12",2556,0,0,116,831,2044,68.92,458,0
8792009665,"2016-04-13",1320,0,0,82,806,1935,68.51,531,0
8792009665,"2016-04-14",1219,0,0,84,853,1963,69.09,486,0
8792009665,"2016-04-15",2483,0,0,126,937,2010,66.86,363,0
8792009665,"2016-04-16",244,0,0,12,1428,1721,0,0,0
8792009665,"2016-04-17",0,0,0,0,1440,1689,0,0,0
8792009665,"2016-04-18",0,0,0,0,1440,1689,0,0,0
8792009665,"2016-04-19",0,0,0,0,1440,1689,0,0,0
8792009665,"2016-04-20",3147,0,10,139,744,2189,69.62,528,0
8792009665,"2016-04-21",144,0,0,9,1431,1721,80.8,0,0
8792009665,"2016-04-22",4068,1,20,195,817,2420,70.26,391,0
8792009665,"2016-04-23",5245,8,45,232,795,2748,77.83,339,0
8792009665,"2016-04-24",400,3,8,19,1410,1800,76.04,0,0
8792009665,"2016-04-25",0,0,0,0,1440,1689,0,0,0
8792009665,"2016-04-26",1321,0,0,80,1360,1928,69.84,0,0
8792009665,"2016-04-27",1758,0,0,112,900,2066,68.79,423,0
8792009665,"2016-04-28",6157,0,0,310,714,2780,76.7,402,0
8792009665,"2016-04-29",8360,6,14,380,634,3102,80.91,398,0
8792009665,"2016-04-30",7174,10,20,301,749,2897,81.46,343,0
8792009665,"2016-05-01",1619,0,0,79,834,1963,67.81,503,0
8792009665,"2016-05-02",1831,0,0,101,916,2014,67.4,415,0
8792009665,"2016-05-03",2421,0,0,156,739,2298,74.37,516,0
8792009665,"2016-05-04",2283,0,0,129,848,2067,74.98,439,0
8792009665,"2016-05-05",0,0,0,0,1440,1689,0,0,0
8792009665,"2016-05-06",0,0,0,0,1440,1689,0,0,0
8792009665,"2016-05-07",0,0,0,0,1440,1689,0,0,0
8792009665,"2016-05-08",0,0,0,0,1440,1689,0,0,0
8792009665,"2016-05-09",0,0,0,0,1440,1689,0,0,0
8877689391,"2016-04-12",23186,85,7,312,1036,3921,86.55,0,189.16
8877689391,"2016-04-13",15337,108,18,216,1098,3566,84.74,0,187.17
8877689391,"2016-04-14",21071,68,13,298,1061,3789,85.32,0,186.29
8877689391,"2016-04-15",13375,106,1,281,1052,3919,91.93,0,0
8877689391,"2016-04-16",29204,94,29,429,888,4538,92.06,0,188.5
8877689391,"2016-04-17",15118,58,15,307,1060,3541,87.87,0,0
8877689391,"2016-04-18",11409,29,5,191,1215,2759,66.04,0,189.16
8877689391,"2016-04-19",18748,82,13,214,1131,3671,86.59,0,188.05
8877689391,"2016-04-20",19881,73,19,225,1123,3673,85.49,0,187.17
8877689391,"2016-04-21",19377,82,13,226,1119,3659,87.13,0,186.29
8877689391,"2016-04-22",18225,61,2,236,1141,3413,82.81,0,0
8877689391,"2016-04-23",11191,102,6,300,1032,3889,93.94,0,188.5
8877689391,"2016-04-24",16660,64,1,227,1148,3453,87.28,0,188.5
8877689391,"2016-04-25",12957,113,8,218,1101,3799,89.8,0,188.27
8877689391,"2016-04-26",11070,22,3,258,1157,2855,67.56,0,187.61
8877689391,"2016-04-27",23603,93,8,235,1104,3804,84.78,0,188.27
8877689391,"2016-04-28",14885,58,8,231,1143,3059,66.81,0,187.61
8877689391,"2016-04-29",9700,18,5,210,1207,2695,64.46,0,187.17
8877689391,"2016-04-30",27710,124,4,223,1089,4393,102.18,0,188.5
8877689391,"2016-05-01",10890,36,12,166,1226,2783,70.71,0,188.05
8877689391,"2016-05-02",4699,0,0,105,1335,2184,65.86,0,0
8877689391,"2016-05-03",10791,19,3,229,1189,2813,67.47,0,187.17
8877689391,"2016-05-04",18165,66,8,212,1154,3472,88.37,0,186.07
8877689391,"2016-05-05",14055,67,15,188,1170,3048,72.85,0,0
8877689391,"2016-05-06",21622,96,17,232,1095,4003,92.84,0,187.39
8877689391,"2016-05-07",12212,105,28,271,1036,4128,101.0,0,0
8877689391,"2016-05-08",10665,17,4,245,1174,2844,72.55,0,188.27
8877689391,"2016-05-09",20156,73,19,217,1131,3700,89.62,0,188.5
8877689391,"2016-05-10",10693,18,11,224,1187,2830,71.54,0,0
8877689391,"2016-05-11",21391,88,12,213,1127,3828,89.15,0,188.27
8877689391,"2016-05-12",7120,23,1,137,770,1658,71.09,0,185.19
